id,area,perimeter,circularity,eccentricity,solidity,extent,aspect_ratio
OAS2_0001_MR1_axl,5794.0,505.05591591021545,0.2854364489909305,0.7808107900917796,0.5589426972795678,0.43599969899917224,1.6005952553825462
OAS2_0001_MR2_axl,6080.0,507.2274887854693,0.2969667867243375,0.7845318552115997,0.5669526296158149,0.45093821849736704,1.612672987112239
OAS2_0002_MR1_axl,5070.0,457.28636328851496,0.30467815873437065,0.812880766969287,0.5862627197039778,0.5241935483870968,1.7169441363242335
OAS2_0002_MR2_axl,5422.0,451.28636328851496,0.33455302135164505,0.801581517963126,0.6107231358414057,0.5422,1.672561053026229
OAS2_0002_MR3_axl,6112.0,465.87214972614186,0.3538830097050278,0.7970007955440653,0.6525034696274153,0.5849363575461767,1.6556887479948799
OAS2_0004_MR1_axl,1657.0,203.9655121145938,0.5005170683629475,0.34981608588907803,0.7611391823610473,0.601233671988389,1.0674427454211155
OAS2_0005_MR1_axl,5197.0,485.6711395993652,0.27687133016444143,0.7313694470128622,0.5773161519662298,0.47159709618874773,1.4663154894157746
OAS2_0005_MR2_axl,5304.0,499.91378028648444,0.26670009024532415,0.7328691537411505,0.5812602739726027,0.47719298245614034,1.4697893442573795
OAS2_0005_MR3_axl,6069.0,480.3574311003804,0.33052017521681404,0.7137320698752493,0.6125353249899071,0.5268229166666667,1.4277171918445821
OAS2_0007_MR1_axl,2173.0,293.43354954612926,0.31713929473651553,0.8685930965237729,0.5742600422832981,0.39646049990877574,2.018057513489172
OAS2_0007_MR3_axl,4451.0,513.8132752230961,0.2118638288624719,0.7655208352396414,0.5197944645568142,0.4448775612193903,1.5542162565906126
OAS2_0007_MR4_axl,5746.0,509.1269837220809,0.27856288725503137,0.7678402893170724,0.569136291600634,0.48269489247311825,1.5609358652433916
OAS2_0008_MR1_axl,2066.0,292.94826817189073,0.30252293931870394,0.9094159325148011,0.5504929389821476,0.37495462794918333,2.4044946772835094
OAS2_0008_MR2_axl,2081.0,317.94826817189073,0.2586836717514594,0.9018000682365439,0.48701146735314765,0.31416062801932365,2.313992663415576
OAS2_0009_MR1_axl,1658.0,215.27922061357856,0.4495625907538326,0.4441092037810405,0.6986936367467341,0.5582491582491582,1.1161054794189198
OAS2_0009_MR2_axl,1735.0,216.45079348883235,0.46536206579495676,0.3931496967752632,0.7122331691297209,0.5735537190082645,1.0875777672892686
OAS2_0010_MR1_axl,3368.0,387.7594513539338,0.28148623512295795,0.7307782543896398,0.5593755190167746,0.4192183221309435,1.464954772860363
OAS2_0010_MR2_axl,3601.0,409.9726547895302,0.2692298473610792,0.7449932819372967,0.5488492607834171,0.4167824074074074,1.499088627121164
OAS2_0012_MR1_axl,1805.0,231.93607486307093,0.42164840703784184,0.5025943998376473,0.6801055011303693,0.4939792008757526,1.1567081132393295
OAS2_0012_MR2_axl,1964.0,232.86500705120545,0.4551377777203204,0.49757158982375793,0.7196775375595457,0.5290948275862069,1.1528401925031277
OAS2_0012_MR3_axl,4276.0,520.2569260369921,0.19852345253182366,0.8109555124289313,0.48196573489630296,0.4015777610818933,1.7090867219677706
OAS2_0013_MR1_axl,2491.0,286.84776310850236,0.38043516760948265,0.8589158163940668,0.640195322539193,0.4323151683443249,1.952679531927339
OAS2_0013_MR3_axl,4444.0,471.04372260139564,0.25168739934478607,0.7758457693936287,0.5466174661746618,0.43658512624029866,1.5849804417454434
OAS2_0014_MR1_axl,6132.0,512.7422074112307,0.2930986868644777,0.7832310611018215,0.5973115137346581,0.49048152295632697,1.6084133310239963
OAS2_0014_MR2_axl,6546.0,513.7716446627536,0.3116345507863662,0.7688390641411311,0.6238444677403984,0.5088619402985075,1.5638626863082978
OAS2_0016_MR1_axl,3363.0,384.2325394193526,0.2862519469094922,0.9046018211578305,0.5837528206908523,0.3915929203539823,2.3459992035164468
OAS2_0016_MR2_axl,4149.0,510.1147904132611,0.2003629730694928,0.7614425412788581,0.45583388266315095,0.3696543121881682,1.5426565932453
OAS2_0017_MR1_axl,5895.0,515.0142853498728,0.27928983040482896,0.7790468061372833,0.5736109759657487,0.45454545454545453,1.5949834130407943
OAS2_0017_MR3_axl,6130.0,578.2752160002217,0.23035687565966692,0.781270887673061,0.541184779729849,0.43741972313400884,1.6020708549331026
OAS2_0017_MR4_axl,6516.0,616.4528855298854,0.2154721574225846,0.8004390161587939,0.5310080678021352,0.4068939677781941,1.6682954832177115
OAS2_0017_MR5_axl,6844.0,575.3401871576773,0.2598187232503117,0.7817258832300267,0.5721451262330713,0.458252427184466,1.603534970737934
OAS2_0018_MR1_axl,5705.0,473.87214972614186,0.31925899510480793,0.7626016046160576,0.601729775340154,0.486857825567503,1.545909371167057
OAS2_0018_MR3_axl,5898.0,478.94321753800733,0.32310715650260174,0.7612837047153512,0.6013458401305057,0.4954637096774194,1.5422128184136965
OAS2_0018_MR4_axl,6710.0,492.6000717874997,0.34749090537535077,0.7613773555499879,0.6247672253258846,0.521610696517413,1.5424744127349659
OAS2_0020_MR1_axl,5232.0,492.0142853498728,0.27159525267295226,0.8137206643589633,0.5845156965702156,0.5086030912802566,1.7204119847044914
OAS2_0020_MR2_axl,5441.0,499.7716446627535,0.2737444770014799,0.8227886300602398,0.5962086346701732,0.5224697522565777,1.7594869622414293
OAS2_0020_MR3_axl,6032.0,510.70057685088807,0.2906287005319227,0.8181206204017931,0.6172738436348751,0.5417153120790301,1.738989347724496
OAS2_0021_MR1_axl,8486.0,537.5290039756342,0.3690702896851927,0.7471174651294973,0.6802404809619238,0.5721413160733549,1.5044561338242826
OAS2_0021_MR2_axl,9424.0,566.0142853498728,0.3696496990319139,0.7515502978106073,0.6904535130778812,0.5688073394495413,1.5158961612962076
OAS2_0022_MR1_axl,1105.0,229.93607486307093,0.2626382132351265,0.8721488187575533,0.5127610208816705,0.31771132834962623,2.043983771956978
OAS2_0022_MR2_axl,1247.0,173.4386001800126,0.5209365123474953,0.5975660261795245,0.7603658536585366,0.5904356060606061,1.2471631588155379
OAS2_0023_MR1_axl,4795.0,535.7838379715732,0.2099032958165149,0.7623068395398006,0.4855204536249494,0.40378947368421053,1.5450797264140794
OAS2_0023_MR2_axl,4917.0,515.8132752230961,0.23223359330915957,0.7439293620995323,0.4952160338402659,0.4032972440944882,1.4964274404854299
OAS2_0026_MR1_axl,4693.0,444.65894629054543,0.2982677851135517,0.781234944480648,0.5933746364900746,0.493376787216148,1.601955401590727
OAS2_0026_MR2_axl,5004.0,455.9726547895302,0.30244720013846926,0.7800379895087486,0.614213821038419,0.49890329012961115,1.5981278658420728
OAS2_0027_MR1_axl,3617.0,518.0498192558055,0.16936174500436332,0.7896427481685959,0.48911426639621364,0.41622554660529343,1.6298141473406913
OAS2_0027_MR2_axl,3676.0,517.2274887854693,0.17267209994892768,0.7894363820429238,0.5005446623093682,0.40885329774218665,1.6291092193982006
OAS2_0027_MR3_axl,1950.0,215.1370849898476,0.5294365450126943,0.2446305337591289,0.78,0.6112852664576802,1.0313357246698707
OAS2_0027_MR4_axl,3649.0,498.842712474619,0.18427077537971945,0.7836298269113375,0.47414241164241167,0.3938053097345133,1.6097148132159877
OAS2_0028_MR1_axl,1293.0,180.89444430272832,0.49654422037537893,0.5880510400698932,0.7521815008726004,0.603641456582633,1.236363189834896
OAS2_0028_MR2_axl,3294.0,516.120887067671,0.15539269142140805,0.7574525306744629,0.4421476510067114,0.33895863346367566,1.5316510199457314
OAS2_0029_MR1_axl,3874.0,463.8010819142764,0.22631115736445784,0.8327784310454751,0.5261442346869483,0.4264171711612548,1.8063373850477742
OAS2_0029_MR2_axl,4082.0,481.842712474619,0.22093894426704053,0.838559117575417,0.5275264926337555,0.44163150492264414,1.8355002128715665
OAS2_0030_MR1_axl,1074.0,183.48023074035524,0.40089956973832613,0.634427804469782,0.6621454993834772,0.49722222222222223,1.2936909813980983
OAS2_0030_MR2_axl,1073.0,178.40916292848976,0.42361884798766103,0.6462079573585392,0.670206121174266,0.5080492424242424,1.310338861489568
OAS2_0031_MR1_axl,5481.0,437.9726547895302,0.3590671499161402,0.8318159364874623,0.6527331189710611,0.5413333333333333,1.8016343887294048
OAS2_0031_MR2_axl,5350.0,486.0142853498728,0.2846201065050848,0.826509568868964,0.6103822019395322,0.5054799697656841,1.7764429343993962
OAS2_0031_MR3_axl,6349.0,468.21529547664943,0.3639351450100048,0.7940478963940397,0.6515135967162647,0.5554680664916886,1.6451286556916325
OAS2_0032_MR1_axl,4036.0,419.58787847867995,0.28808135756002107,0.9372803878114279,0.6487702941649253,0.380360003769673,2.8688119211007614
OAS2_0032_MR2_axl,5344.0,591.7249634685277,0.19179466848124926,0.7699731351325035,0.5075023741690409,0.42615629984051034,1.5672106799030143
OAS2_0034_MR1_axl,7497.0,485.04372260139564,0.40043829003175707,0.7706850034195387,0.6801233783906377,0.5636842105263158,1.5693258075551086
OAS2_0034_MR2_axl,7459.0,490.8010819142764,0.3891163221024421,0.7770623101461184,0.669869779973058,0.554985119047619,1.5887549758640906
OAS2_0034_MR3_axl,8551.0,497.2447327281724,0.4345966633874991,0.7615285040396446,0.7113384909741286,0.5897241379310345,1.5428969638082728
OAS2_0034_MR4_axl,9093.0,533.0437226013956,0.4021530701978033,0.7977414951199631,0.7057590810307358,0.580836793356755,1.6583759170423364
OAS2_0035_MR1_axl,1522.0,207.86500705120545,0.44265130379458073,0.4811964459321242,0.6940264477884177,0.542602495543672,1.14075451952068
OAS2_0035_MR2_axl,1607.0,207.9655121145938,0.4669206710950924,0.4337876462939948,0.7069951605807303,0.5618881118881119,1.109859266987233
OAS2_0036_MR1_axl,2254.0,396.78888860545663,0.17990563717749794,0.9468732304330113,0.5794344473007712,0.3188118811881188,3.1093847105932912
OAS2_0036_MR3_axl,1164.0,198.1370849898476,0.37259009528510423,0.6488539120652953,0.6208,0.4961636828644501,1.314210683425826
OAS2_0036_MR4_axl,1813.0,291.14927829866735,0.2687671785909094,0.8458170908641169,0.5259646069045547,0.34865384615384615,1.8745090896319339
OAS2_0036_MR5_axl,1791.0,294.6345596729059,0.2592615279653773,0.8288952614319324,0.5098206660973527,0.3401709401709402,1.7876173624159863
OAS2_0037_MR1_axl,4863.0,483.28636328851496,0.26164054892646954,0.7861271803699333,0.5722522946575664,0.4784533648170012,1.6179534140948806
OAS2_0037_MR2_axl,5306.0,493.4284989122459,0.27386002967842504,0.7664216104262228,0.5931805477920626,0.4862536656891496,1.5568131290208769
OAS2_0037_MR3_axl,5748.0,529.3635277547903,0.2577618213338548,0.7599679259968669,0.5802543912780134,0.44962453066332914,1.5385548533577111
OAS2_0037_MR4_axl,5910.0,524.8843430349616,0.26956909984985833,0.7798059235169459,0.5871249751639182,0.4624413145539906,1.59738962815337
OAS2_0039_MR1_axl,4344.0,454.9432175380074,0.2637456412212385,0.7443026803856991,0.5465525918470056,0.43301435406698563,1.4973591754107771
OAS2_0039_MR2_axl,4419.0,453.144227664784,0.2704337941515063,0.746695842859697,0.5483991064780342,0.4473124810203462,1.5033849489442952
OAS2_0040_MR1_axl,3320.0,453.144227664784,0.2031772338952254,0.7653310366102339,0.4609190615021519,0.372615039281706,1.5536711241201224
OAS2_0040_MR2_axl,3399.0,474.7716446627535,0.189492262949779,0.7662782942278276,0.45556895858464014,0.3734344100197759,1.5563988828485122
OAS2_0040_MR3_axl,3820.0,452.6944801964782,0.23424095433955047,0.7748084153830251,0.5066985011274705,0.41594076655052264,1.5817876553550114
OAS2_0041_MR1_axl,1967.0,286.63455967290594,0.3008549208458793,0.8739225060626215,0.578699617534569,0.3716931216931217,2.0573368383775015
OAS2_0041_MR2_axl,2031.0,293.1198410471445,0.29704986166891606,0.8773296317385064,0.5842922899884925,0.3792717086834734,2.0838185411560466
OAS2_0041_MR3_axl,2014.0,286.6345596729059,0.3080436251060504,0.884426535746605,0.5911358966832991,0.39031007751937985,2.142798475912271
OAS2_0042_MR1_axl,3657.0,375.36857838867365,0.3261512093415685,0.7339378846085343,0.5833466262561812,0.4654448262695685,1.4722844065717995
OAS2_0042_MR2_axl,4075.0,384.88939366884495,0.34567310455533495,0.7410854372259384,0.6129663056558363,0.49096385542168675,1.4894012684782125
OAS2_0043_MR1_axl,3606.0,485.5290039756343,0.1922229462897124,0.8072115010988621,0.5210982658959538,0.4122085048010974,1.6941620464164209
OAS2_0043_MR2_axl,4172.0,417.445742854949,0.30085282294341814,0.7992112924933243,0.5782397782397782,0.46114734166021887,1.6637546175514992
OAS2_0044_MR1_axl,6714.0,467.38686835190333,0.3862230492079799,0.796542359329008,0.6508336564559907,0.5274155538098979,1.6540333701279466
OAS2_0044_MR2_axl,7381.0,524.120887067671,0.33764640852095007,0.7787293574317877,0.6273159952405235,0.514176245210728,1.593981090259326
OAS2_0044_MR3_axl,7173.0,476.9432175380074,0.39625735878078644,0.7832820678106627,0.6588591898594655,0.5342618799344555,1.6085795925157476
OAS2_0045_MR1_axl,4065.0,434.41630560342617,0.27068125295349615,0.7785086747074085,0.5822114007447723,0.4452354874041621,1.5932856520506897
OAS2_0045_MR2_axl,4095.0,446.41630560342617,0.2582163108148037,0.790596122924864,0.5711297071129707,0.44193826894021154,1.6330851171174792
OAS2_0046_MR1_axl,5856.0,543.5117600329311,0.24911107809197391,0.7869133249970083,0.5409699769053118,0.41924398625429554,1.6205786383129188
OAS2_0046_MR2_axl,6495.0,584.3107499061546,0.2390568908008055,0.8031089281328001,0.5372652824882124,0.4100378787878788,1.6783247784825497
OAS2_0047_MR1_axl,6587.0,439.10259710444143,0.4293045742351586,0.7989207718285998,0.6937335439705108,0.5920898876404495,1.6626865243459747
OAS2_0047_MR2_axl,6689.0,443.2447327281724,0.4278424703487835,0.8019589164946936,0.696408120770432,0.5964865346887819,1.673978634151935
OAS2_0048_MR1_axl,6002.0,537.7127701597078,0.26085859677083545,0.8407450273373089,0.5539455468389478,0.41103958361868237,1.8469565602175169
OAS2_0048_MR2_axl,6456.0,549.7899346259832,0.2683983344089888,0.8378449215759511,0.5635966826713226,0.41236586612161474,1.8318094342862532
OAS2_0048_MR3_axl,7315.0,581.0681092190353,0.2722513946006607,0.8338690130024633,0.5662641275739279,0.42356687898089174,1.81171767474539
OAS2_0048_MR4_axl,7406.0,581.1686142824235,0.27554292666091845,0.8466006334026644,0.5773758478210026,0.4246559633027523,1.8788916082387848
OAS2_0049_MR1_axl,1300.0,197.03657992645927,0.42078426875524744,0.4096601711141238,0.6625891946992865,0.4627981488074048,1.0962049096310782
OAS2_0049_MR2_axl,1291.0,195.1370849898476,0.4260459881097627,0.25722871326272223,0.6773347324239245,0.498070987654321,1.0348211609947746
OAS2_0049_MR3_axl,1317.0,197.3797256769669,0.4248059166236802,0.1849593827717569,0.674347158218126,0.4977324263038549,1.0175567553754468
OAS2_0050_MR1_axl,4444.0,481.5584412271571,0.24081631932815445,0.7895494631570024,0.5427454811919883,0.44685771744595276,1.6294953580804883
OAS2_0050_MR2_axl,5363.0,495.70057685088807,0.27427031947116426,0.7922188009447491,0.5954918942926938,0.48990591029505803,1.6387071984833295
OAS2_0051_MR1_axl,5249.0,526.4406922210658,0.23800579627077328,0.7606473107769088,0.530952862634028,0.4241616161616162,1.5404395503684332
OAS2_0052_MR1_axl,5012.0,481.5706345359769,0.27158196951263897,0.8018788851431254,0.5733241821093571,0.47769729317575294,1.6736776641606927
OAS2_0052_MR2_axl,5814.0,470.2569260369921,0.33038056394876286,0.8074408172938852,0.6155637903652726,0.5262014661960358,1.695062984445469
OAS2_0053_MR1_axl,5533.0,476.60007178749976,0.3060992936201154,0.7813844433911479,0.5843278065265604,0.5095781911954319,1.6024358069333335
OAS2_0053_MR2_axl,5869.0,480.9432175380074,0.3188499582903184,0.7744212259229872,0.5977795885108983,0.5275505617977528,1.580601981198582
OAS2_0054_MR1_axl,2351.0,313.19090885900994,0.30119253166933224,0.8404006205201188,0.5418299147268956,0.3659713574097136,1.8451352900413487
OAS2_0054_MR2_axl,5490.0,470.45793616376875,0.31170273313909463,0.741472491395476,0.6032304142401934,0.47993705743509046,1.4903501313396863
OAS2_0055_MR1_axl,2955.0,464.6000717874997,0.1720318279799883,0.7698220661147877,0.43960130913418627,0.3576615831517792,1.5667631681238088
OAS2_0055_MR2_axl,3348.0,419.6650429449553,0.23888546353042175,0.7579802017955422,0.4837451235370611,0.3869625520110957,1.53308968941493
OAS2_0056_MR1_axl,3979.0,439.9015869776647,0.25838824115512127,0.7676201889455684,0.5351714862138534,0.43860229276895946,1.56029359693697
OAS2_0056_MR2_axl,4226.0,431.7300141024109,0.2849147102207164,0.764846155003849,0.5553949270600604,0.45460413080895007,1.5522816776072614
OAS2_0057_MR1_axl,5481.0,459.6295090390226,0.3260272188670202,0.7963067219726182,0.6207951070336392,0.5080645161290323,1.6531848009215555
OAS2_0057_MR2_axl,5836.0,454.8010819142764,0.354553820062303,0.7949045133397232,0.637605156779198,0.5281925966150783,1.6481672245456096
OAS2_0057_MR3_axl,6229.0,458.5584412271571,0.3722535173804607,0.7872133543766497,0.6564443039308673,0.5425485584879366,1.6215846152751523
OAS2_0058_MR1_axl,2384.0,290.8772003600252,0.354076213275611,0.8444721611942131,0.6011094301563288,0.4167832167832168,1.8670668972184525
OAS2_0058_MR2_axl,5145.0,470.87214972614186,0.2916011513510281,0.76059930458321,0.5665675586389164,0.47115384615384615,1.5403060924205758
OAS2_0058_MR3_axl,5135.0,524.4995667241113,0.23456328998322795,0.7540609861826708,0.5517352530353498,0.46128278835788716,1.5225232797919526
OAS2_0060_MR1_axl,1380.0,178.50966799187808,0.5442086819142329,0.5110005315118725,0.7718120805369127,0.6122448979591837,1.1633583140324415
OAS2_0060_MR2_axl,1451.0,178.8528137423857,0.5700142627269259,0.5013850355686208,0.7955043859649122,0.6308695652173913,1.15576969908857
OAS2_0061_MR1_axl,4646.0,537.7838379715733,0.20187083390261096,0.7330372474596736,0.499677349967735,0.39028897849462363,1.4701806952519167
OAS2_0061_MR2_axl,4876.0,539.6417023478423,0.21040814797342822,0.7379644231594212,0.503562945368171,0.3917724570143018,1.481833569319002
OAS2_0061_MR3_axl,5380.0,519.4701294725885,0.25053648498278247,0.7463311161459159,0.5326205326205327,0.41802641802641805,1.5024606442443076
OAS2_0062_MR1_axl,6422.0,497.6000717874997,0.3259262175495931,0.7749248832567358,0.6089512611416651,0.5015620118712902,1.582144948586785
OAS2_0062_MR2_axl,7037.0,500.4284989122459,0.3531127070675095,0.7567802594005539,0.6254555150653275,0.5174264705882353,1.5298254029644895
OAS2_0062_MR3_axl,7227.0,519.8843430349616,0.33601173267902823,0.7585886787379587,0.6292555507183283,0.5134271099744245,1.5347549650240992
OAS2_0063_MR1_axl,4991.0,474.3990616607231,0.27868255990914803,0.7430635277411214,0.5680628272251309,0.4752428108931632,1.4942749419479133
OAS2_0063_MR2_axl,5334.0,468.1503243191939,0.30583854451106685,0.7430891564700395,0.5972455492106147,0.4938888888888889,1.4943384867081237
OAS2_0064_MR1_axl,4734.0,444.0731598529185,0.3016678776766587,0.7693160499864147,0.5706364513018322,0.47316341829085456,1.5652676218998858
OAS2_0064_MR2_axl,4871.0,443.62950903902254,0.3110191574414694,0.7711285613634239,0.579191438763377,0.4826595323028141,1.5706490535868118
OAS2_0064_MR3_axl,5253.0,448.5584412271571,0.32807957753904177,0.772446559401743,0.591221159257175,0.4823691460055096,1.5746053471820949
OAS2_0066_MR1_axl,5770.0,485.32799384885755,0.3078328709053623,0.7618735261102769,0.5931942017065899,0.49502402196293754,1.5438631258447084
OAS2_0066_MR2_axl,6305.0,509.57063453597686,0.3051308857703378,0.7696261160135437,0.5897483864933122,0.5,1.5661834064235327
OAS2_0067_MR1_axl,5263.0,475.0853531617383,0.29302181312958425,0.8054528330990017,0.5876507369361322,0.47091982820329276,1.6873084096488997
OAS2_0067_MR2_axl,5575.0,476.15642097360376,0.3089978413032963,0.808393677772724,0.6129741616272677,0.4855848793659089,1.6988248006788993
OAS2_0067_MR3_axl,5821.0,469.4284989122459,0.3319468557612406,0.8009814777991894,0.6134471493308041,0.49205409974640746,1.6703159501320937
OAS2_0067_MR4_axl,5934.0,465.87214972614186,0.3435768618438539,0.8157358883135052,0.6293350302258989,0.5033078880407125,1.728833949545591
OAS2_0068_MR1_axl,5236.0,478.1147904132612,0.28783602232088024,0.8301542121600141,0.6143376745277485,0.5409090909090909,1.793613097867705
OAS2_0068_MR2_axl,4562.0,501.38686835190333,0.22804430675815965,0.8647749603606977,0.5070579081916194,0.4400077160493827,1.9913987344814708
OAS2_0069_MR1_axl,4941.0,459.6589462905455,0.29386866740369844,0.7962359593303484,0.5972440468995528,0.5104338842975207,1.6529302767500513
OAS2_0069_MR2_axl,4806.0,466.5584412271571,0.2774479548428409,0.8015612611592682,0.5759137207908928,0.49241803278688523,1.6724850852383686
OAS2_0070_MR1_axl,4548.0,525.1269837220809,0.20725339324995617,0.8076248873246791,0.489505973522764,0.41545628939435464,1.695787385602557
OAS2_0070_MR2_axl,4741.0,530.7838379715733,0.21146789319354445,0.7919834017916665,0.49426605504587157,0.41558555399719493,1.6378872934314572
OAS2_0070_MR3_axl,4832.0,527.6122650963194,0.21812579344043007,0.8059622675281395,0.5065520494810777,0.4247912087912088,1.6892836102588458
OAS2_0070_MR4_axl,4942.0,538.4406922210657,0.21420857753796185,0.7980343601618493,0.4978341895839629,0.4297391304347826,1.6594427029561285
OAS2_0070_MR5_axl,5006.0,545.7544007200504,0.21120598297482157,0.7923107132038957,0.49252262888626525,0.41605718085106386,1.6390277333456673
OAS2_0071_MR1_axl,4927.0,493.9432175380074,0.25376888617008175,0.8006173159410214,0.5594413534688316,0.4408554044380816,1.6689586232356763
OAS2_0071_MR2_axl,5274.0,503.0142853498728,0.2619324779703646,0.7996569346051887,0.5752617801047121,0.4424125492827783,1.6653977770778758
OAS2_0073_MR1_axl,2871.0,388.0315292925759,0.2396122546699895,0.801878693016497,0.532060785767235,0.4185131195335277,1.673676941870917
OAS2_0073_MR2_axl,3147.0,379.78888860545663,0.2741713672844769,0.8070119510323427,0.555908850026497,0.44512022630834513,1.6933794292599673
OAS2_0073_MR3_axl,2950.0,445.5584412271571,0.18673362502992355,0.7947481359848306,0.514564800279086,0.4041095890410959,1.647611025750435
OAS2_0073_MR4_axl,1680.0,278.56349186104046,0.27206379402849473,0.8556170894837372,0.6102433708681438,0.426179604261796,1.9319590735617205
OAS2_0073_MR5_axl,3123.0,425.42240225783604,0.21684086797348723,0.790860672226795,0.5136513157894737,0.4153477856097885,1.6339969684562203
OAS2_0075_MR1_axl,4164.0,500.0142853498728,0.2092935094578884,0.7585581055823771,0.5334358186010761,0.41032715806070164,1.534671131170967
OAS2_0075_MR2_axl,4350.0,524.848809129029,0.1984406718377596,0.7654452700151808,0.5261884601427361,0.40517883755588674,1.553999136062769
OAS2_0076_MR1_axl,4930.0,481.1269837220809,0.26763157742171884,0.7859163004007409,0.5378572987126337,0.44534778681120146,1.6172518208968947
OAS2_0076_MR2_axl,5121.0,464.0142853498728,0.2988834981373659,0.7902499671199894,0.5705849582172702,0.4755316185346829,1.6318947453136967
OAS2_0076_MR3_axl,5400.0,477.8132752230962,0.29722627617719505,0.7909129453444841,0.5730050933786078,0.48930772018847407,1.6341773609194243
OAS2_0077_MR1_axl,7169.0,500.4995667241114,0.3596342395304553,0.7856206704672238,0.6671319560766797,0.585702614379085,1.616270117303177
OAS2_0077_MR2_axl,7696.0,511.32799384885755,0.36989271955339936,0.7855987474995193,0.6829960951366703,0.5955734406438632,1.616197403190608
OAS2_0078_MR1_axl,5685.0,480.2569260369921,0.30973697995489907,0.7459571643866215,0.586626767103498,0.48341836734693877,1.501515196462908
OAS2_0078_MR2_axl,5778.0,479.1858582251266,0.3162127785020489,0.7381235547112248,0.5951792336217553,0.4913265306122449,1.482215869825652
OAS2_0078_MR3_axl,6154.0,503.7127701597078,0.3047905049395765,0.7400976961372163,0.5840372022397267,0.47883597883597884,1.486990244674305
OAS2_0079_MR1_axl,1456.0,202.79393923933998,0.4448988633577406,0.4974418636653523,0.699663623258049,0.5286855482933914,1.1527413194445681
OAS2_0079_MR2_axl,1885.0,217.9655121145938,0.4985923998056868,0.5561206033927123,0.7622321067529316,0.5916509730069052,1.2032223213261886
OAS2_0079_MR3_axl,2302.0,233.86500705120545,0.528913553377143,0.5096413550732696,0.7935194760427439,0.608994708994709,1.1622677561704866
OAS2_0080_MR1_axl,4936.0,433.10259710444143,0.33067658133317496,0.7806087438834717,0.6060903732809431,0.514488221805295,1.5999488250392766
OAS2_0080_MR2_axl,5273.0,447.00209204105306,0.3316259628600292,0.7568388518969795,0.6168694431445952,0.5458592132505176,1.5299841924810462
OAS2_0080_MR3_axl,5339.0,456.58787847867995,0.32182592754122713,0.7631965422960713,0.6034814061263705,0.5261135199054001,1.5475889406304255
OAS2_0081_MR2_axl,7615.0,560.7422074112308,0.3043359646706993,0.7964750291973577,0.6174491202464931,0.4868303286024805,1.653790744194401
OAS2_0085_MR1_axl,3078.0,424.3868683519033,0.21476059824260654,0.7041045822819323,0.4839622641509434,0.3322180248246087,1.4082597218325523
OAS2_0085_MR2_axl,3152.0,412.0376259469858,0.23330407282700966,0.6955395352534657,0.5315345699831366,0.3551949515438359,1.3918120321397873
OAS2_0086_MR1_axl,1022.0,176.3086578651014,0.4131554452525588,0.515762940657133,0.6522016592214422,0.5166835187057633,1.1672270561824476
OAS2_0086_MR2_axl,1061.0,175.7228714274745,0.43178610778608495,0.5983774795515822,0.6715189873417722,0.5130560928433269,1.2481054954184063
OAS2_0087_MR1_axl,4448.0,499.8010819142764,0.22375886929933111,0.8218850255510433,0.5240339302544769,0.4346296658198163,1.7554533803926669
OAS2_0087_MR2_axl,4746.0,479.38686835190333,0.2595167125382072,0.8161656725421652,0.5489878542510122,0.4508406953548019,1.7306488706275382
OAS2_0088_MR1_axl,6960.0,556.3696244092002,0.28254802844358445,0.8220951453733175,0.5887328709186262,0.48013245033112584,1.7563884596034067
OAS2_0088_MR2_axl,7660.0,567.8549057834388,0.29851342647506895,0.8001588110690874,0.6076471521497699,0.4845034788108792,1.6672552258082265
OAS2_0089_MR1_axl,5153.0,469.67113959936523,0.29355011687230376,0.7425648988571181,0.5698960406989604,0.4339368421052632,1.493040670087853
OAS2_0089_MR3_axl,4642.0,459.28636328851496,0.27653359415086476,0.7817867041896541,0.5437507321072976,0.4126222222222222,1.6037310535899927
OAS2_0090_MR1_axl,1949.0,203.82337649086284,0.5895406007754289,0.3820787202878786,0.8227100042211903,0.6575573549257759,1.0820990957412226
OAS2_0090_MR2_axl,2051.0,209.23759005323592,0.5887028059610537,0.35603970523440137,0.8177830940988836,0.6542264752791068,1.0701243635285254
OAS2_0090_MR3_axl,2182.0,212.65180361560903,0.6063543103650206,0.32626286985842246,0.8265151515151515,0.6488254534641689,1.0578886392231113
OAS2_0091_MR1_axl,4645.0,516.8843430349616,0.21847856170615365,0.7641932398353485,0.5083169183628803,0.4127788145383453,1.550417984700161
OAS2_0091_MR2_axl,5589.0,483.32799384885755,0.3006492149386609,0.73953832533198,0.5757107540173053,0.477202868852459,1.4856314511861743
OAS2_0092_MR1_axl,4694.0,498.98484809834997,0.23690718521047918,0.7780138825490266,0.5287226852894796,0.45979038103634046,1.5917304281380207
OAS2_0092_MR2_axl,5168.0,468.45793616376875,0.2959314809516343,0.7549674867238108,0.5736485736485737,0.508461235733963,1.5249429807142403
OAS2_0094_MR1_axl,1236.0,190.06601717798213,0.42995141876334547,0.3319513214134186,0.6836283185840708,0.5366912722535823,1.060112044609844
OAS2_0094_MR2_axl,1310.0,193.48023074035524,0.4397521448687293,0.3443801572951428,0.6934886183165696,0.5569727891156463,1.0651552406713407
OAS2_0095_MR1_axl,5653.0,524.98484809835,0.2577480042261393,0.7671780437005269,0.5288614463467116,0.4135030356228513,1.5590063332292952
OAS2_0095_MR2_axl,6245.0,533.7422074112307,0.275473109879015,0.7699930118719455,0.5508511952015525,0.4251770152505447,1.5672695958631404
OAS2_0095_MR3_axl,6689.0,544.3635277547903,0.28365668311255543,0.7844246950614729,0.5574166666666667,0.43474587287144156,1.6123205263522056
OAS2_0096_MR1_axl,3477.0,484.91378028648444,0.18581702498770933,0.7194221820474789,0.44992236024844723,0.34188790560471977,1.439733369626771
OAS2_0096_MR2_axl,3676.0,479.0498192558056,0.20129083686787774,0.7023286920168518,0.4620412267471091,0.34445277361319343,1.404784810133955
OAS2_0097_MR1_axl,4529.0,450.1147904132612,0.2809089763911136,0.8062789392043127,0.5495692270355539,0.4411650107149815,1.6905155566890744
OAS2_0097_MR2_axl,4941.0,463.0853531617383,0.2895360384585444,0.8067538647308433,0.5628203667843718,0.46264044943820226,1.6923691312138138
OAS2_0099_MR1_axl,4803.0,526.4995667241114,0.21773408188287505,0.7940515679568875,0.5236018750681347,0.4473733233979136,1.645141636550016
OAS2_0099_MR2_axl,5404.0,570.1564209736039,0.20889938679259482,0.812749477543451,0.526039131704468,0.41239316239316237,1.716404271357437
OAS2_0100_MR1_axl,4361.0,453.18585822512665,0.2668352815520575,0.7683069069633833,0.527838295812152,0.42356254856254855,1.5623007264665756
OAS2_0100_MR2_axl,4953.0,449.28636328851496,0.3083413132562899,0.748150574302537,0.5731975465802569,0.46638418079096045,1.5070931606547928
OAS2_0100_MR3_axl,5047.0,459.4284989122459,0.30047428175932944,0.742013308845588,0.5689966178128523,0.45715579710144927,1.4916798199169512
OAS2_0101_MR1_axl,1682.0,277.4629867976521,0.2745527142139569,0.8372946780576885,0.5252966895690193,0.3434054716210698,1.8289831826876473
OAS2_0101_MR2_axl,1657.0,277.1198410471445,0.2711422090288793,0.8449269671036634,0.5273711012094208,0.34263854425144746,1.8695723227292662
OAS2_0101_MR3_axl,1607.0,274.1198410471445,0.26874772599333885,0.8411196066074067,0.5183870967741936,0.33774695250105086,1.848944373135272
OAS2_0102_MR1_axl,4678.0,489.84880912902884,0.24498865214742785,0.7789894122887165,0.5132199670872188,0.4133969600565571,1.594802025553515
OAS2_0102_MR2_axl,4976.0,493.2274887854693,0.2570370273339847,0.7838665660689017,0.5307733333333333,0.4397313538352775,1.6104892871598595
OAS2_0102_MR3_axl,5080.0,485.15642097360376,0.2712126918156407,0.7693293230231751,0.5402531107093481,0.45260156806842483,1.5653067835461634
OAS2_0103_MR1_axl,3500.0,455.70057685088807,0.21179648669289974,0.7774839529494871,0.4759961920304638,0.37202380952380953,1.5900708926516853
OAS2_0103_MR2_axl,4429.0,488.91378028648444,0.23283646003891412,0.7656499674567899,0.5253855278766311,0.41127309870925804,1.5545875508180635
OAS2_0103_MR3_axl,4552.0,494.6000717874997,0.23383190471505932,0.7776403739878015,0.5382523353435025,0.4239940387481371,1.590560085534364
OAS2_0104_MR1_axl,6199.0,489.422402257836,0.32520994027002403,0.797501805330703,0.6213913392141138,0.5197886969646152,1.6575046464463197
OAS2_0104_MR2_axl,6261.0,501.5290039756342,0.3127961940824697,0.8020679353540804,0.6146068518700304,0.506184816880912,1.6743889257744644
OAS2_0105_MR1_axl,6695.0,541.8132752230962,0.2865900854838573,0.7265517325972055,0.5820220811962097,0.491015768243491,1.4553673049217164
OAS2_0105_MR2_axl,7637.0,558.4406922210657,0.30773616769055756,0.6953979085427944,0.5998272070373861,0.5098130841121495,1.3915465469759531
OAS2_0106_MR1_axl,3596.0,485.6000717874997,0.19163377838810372,0.7465023973641711,0.5142285142285142,0.42942440888464295,1.5028944431924283
OAS2_0106_MR2_axl,4129.0,429.28636328851496,0.2815532605567577,0.7489237064838508,0.544292117057738,0.4563943848789654,1.5090780885222206
OAS2_0108_MR1_axl,4004.0,433.5290039756343,0.26771186335059943,0.6995871010566771,0.524701873935264,0.42045573873779274,1.3994874192593971
OAS2_0108_MR2_axl,4022.0,435.77164466275354,0.2661546113348557,0.7119150154902344,0.506804435483871,0.4108273748723187,1.4239626171368713
OAS2_0109_MR1_axl,5830.0,457.2447327281724,0.35041363458820235,0.7988425791817221,0.6280297317677475,0.5235272988505747,1.6623994680842564
OAS2_0109_MR2_axl,5820.0,459.2447327281723,0.3467723654044071,0.8043118055952326,0.6180968564146134,0.5207587687902648,1.6829138772040542
OAS2_0111_MR1_axl,4159.0,443.87214972614186,0.2652668567492429,0.8362395857170628,0.564391369249559,0.44816810344827585,1.8236053724298247
OAS2_0111_MR2_axl,5215.0,433.3868683519033,0.34890940863086145,0.8195083612388862,0.6343510521834327,0.5088797814207651,1.7449959692441437
OAS2_0112_MR1_axl,5529.0,474.2508293825822,0.30891589550030524,0.794465476382686,0.6065825562260011,0.5021342294069567,1.6466073738249594
OAS2_0112_MR2_axl,5197.0,515.2630226914019,0.24598273561358996,0.7961924881184395,0.5790529247910864,0.48398211957533993,1.652773985852992
OAS2_0113_MR1_axl,3471.0,375.30360723121805,0.3096699046480564,0.8476711987774045,0.5712639894667545,0.4888732394366197,1.8849361486129437
OAS2_0113_MR2_axl,3738.0,387.78888860545663,0.31236217564010627,0.837646673435897,0.582061663033323,0.4904224612962477,1.8307894361072374
OAS2_0114_MR1_axl,5254.0,485.4701294725885,0.28013985905743577,0.7769620852565999,0.5508492346403858,0.4619307191841041,1.588442766328644
OAS2_0114_MR2_axl,5888.0,500.7838379715733,0.2950373895872095,0.779350641941589,0.5815883050177796,0.48952444296641173,1.5959449107724046
OAS2_0116_MR1_axl,4112.0,509.02647865869255,0.19942620353617113,0.7931868150468372,0.5117610454262601,0.43763303533418474,1.6420944002851343
OAS2_0116_MR2_axl,3816.0,482.2569260369921,0.2061870015054023,0.8147801292623589,0.4846329692659385,0.4309429700734049,1.7248216862056973
OAS2_0117_MR1_axl,6114.0,470.2569260369921,0.3474280646685133,0.7622742539707622,0.6252812436080998,0.5057071960297767,1.54498811282494
OAS2_0117_MR2_axl,6195.0,471.77164466275354,0.3497739855584642,0.7710600594121175,0.6218630797028709,0.5101284584980237,1.5704444265408335
OAS2_0117_MR3_axl,6703.0,498.84880912902884,0.3384863843512966,0.7672654167576343,0.6264485981308411,0.5195721261917681,1.559260400205284
OAS2_0117_MR4_axl,6969.0,488.6000717874997,0.3668371203914666,0.745244212376516,0.6488826815642458,0.5387291280148423,1.4997189086682539
OAS2_0118_MR2_axl,1178.0,261.56349186104046,0.2163719212632968,0.7958647598526545,0.45134099616858236,0.26981218506642235,1.6515974123857298
OAS2_0119_MR1_axl,3686.0,396.3452377915607,0.29486138839769904,0.7694925188878418,0.551879023805959,0.4281068524970964,1.565788583079518
OAS2_0119_MR2_axl,3765.0,402.17366491630685,0.29251462662021643,0.7634384101558291,0.5507606787595085,0.43097527472527475,1.5482737006382306
OAS2_0119_MR3_axl,4079.0,440.6589462905455,0.26397231800778637,0.7681058576921925,0.5464166108506363,0.44550021843599824,1.5617121148519613
OAS2_0120_MR1_axl,3678.0,473.1858582251266,0.2064229952745561,0.7547061307914519,0.49197431781701445,0.3969778737182947,1.5242438674963563
OAS2_0120_MR2_axl,4191.0,482.1858582251266,0.22651584503212538,0.7695295066692687,0.5088635259834872,0.4105603448275862,1.5658978573585545
OAS2_0121_MR1_axl,3505.0,492.64170234784234,0.18148282950592212,0.7826920570752793,0.4619744299459602,0.39100847835787594,1.6066601977465818
OAS2_0121_MR2_axl,2032.0,217.62236636408616,0.5391709823595842,0.22485138608477231,0.7879022877084141,0.6047619047619047,1.0262798773419637
OAS2_0122_MR1_axl,2262.0,311.0782104868019,0.29374012861271165,0.9594663352517171,0.6481375358166189,0.35655737704918034,3.5483231216101956
OAS2_0122_MR2_axl,2337.0,309.9066376115481,0.30577841151079194,0.95547602059867,0.6711659965537048,0.3781553398058252,3.3890405566553823
OAS2_0124_MR1_axl,6090.0,469.1858582251266,0.347646074299423,0.7893120369868214,0.6180858621739572,0.5253623188405797,1.6286849981687934
OAS2_0124_MR2_axl,6222.0,473.5290039756343,0.348695787504288,0.7843286742934313,0.6243853487205219,0.5283627717391305,1.6120049412619697
OAS2_0126_MR1_axl,5362.0,553.8254685319159,0.21968015509533795,0.76118021492873,0.5149827122550903,0.4113856068743287,1.5419239331490187
OAS2_0126_MR2_axl,5178.0,559.4406922210657,0.20790445948546118,0.7596809336542985,0.5092446892210858,0.40861742424242425,1.5377612812278607
OAS2_0126_MR3_axl,5448.0,556.6833329081849,0.22091770629823504,0.7484097117840842,0.5247038428199943,0.4265914963589382,1.5077573651035379
OAS2_0127_MR1_axl,4178.0,524.819371877506,0.19061566361750987,0.7153455206077715,0.4821140087699054,0.3794387430751067,1.4310841853451084
OAS2_0127_MR2_axl,4660.0,485.7127701597078,0.24821998034108886,0.7185926222626758,0.5110769905681071,0.4197441902359935,1.4379566342152132
OAS2_0127_MR3_axl,4471.0,525.1686142824235,0.2037121850412973,0.7379915933487564,0.49354233359090405,0.4060484969575879,1.4818988166956701
OAS2_0127_MR4_axl,5248.0,497.67113959936523,0.2662678782954978,0.7166839024613274,0.5364407645916386,0.44912280701754387,1.4339011302929903
OAS2_0127_MR5_axl,5873.0,507.87214972614186,0.286128467549698,0.7263918515473929,0.5691994572591588,0.469351874050987,1.4550093953099443
OAS2_0128_MR1_axl,3758.0,471.8132752230961,0.2121418379680241,0.7632635688636962,0.5069472548226089,0.40304590304590304,1.5477785890036635
OAS2_0128_MR2_axl,4194.0,487.54119728445403,0.2217255041845367,0.7571527911231565,0.5453836150845254,0.4328173374613003,1.530836041215065
OAS2_0129_MR1_axl,5996.0,457.62950903902254,0.35978532571664446,0.78661939008803,0.6228963224600041,0.5131804176651832,1.6195952798779913
OAS2_0129_MR2_axl,6192.0,455.38686835190333,0.3752146662886895,0.7751932972866241,0.6470895600376215,0.5384347826086957,1.5829695009420521
OAS2_0129_MR3_axl,6608.0,471.5290039756343,0.373476323721745,0.7624426887275495,0.650649862150453,0.5335917312661499,1.5454618812347207
OAS2_0131_MR1_axl,4360.0,448.2152954766495,0.27272377992210683,0.7470439280290027,0.5398043828154018,0.4166268514094601,1.5042690950663349
OAS2_0131_MR2_axl,4317.0,452.31580054003786,0.26516023463083693,0.7601822649952181,0.535475068221285,0.40896172792724517,1.5391485272696932
OAS2_0133_MR1_axl,4579.0,541.1980515339463,0.19645724924944757,0.7755956826680929,0.5316999535531816,0.4196297653958944,1.584208560626894
OAS2_0133_MR3_axl,5457.0,468.60007178749976,0.31229074678486185,0.7747839417055232,0.5953523892646738,0.47902036516853935,1.5817126140560989
OAS2_0134_MR1_axl,3771.0,389.9310242291876,0.31166699626272787,0.8336275931978318,0.5707582866656576,0.48645510835913314,1.8105219002420607
OAS2_0134_MR2_axl,4051.0,420.8010819142763,0.2874871329086762,0.8365541443621649,0.5598396904367053,0.4916858842092487,1.8252030054850352
OAS2_0135_MR1_axl,5930.0,473.77164466275354,0.3319910900482426,0.8186753391734277,0.6219192448872575,0.5033101341028687,1.7413816918599505
OAS2_0135_MR2_axl,6496.0,472.9015869776647,0.36501804722806824,0.816009314767138,0.6459182658844586,0.5333333333333333,1.7299878207794162
OAS2_0137_MR1_axl,1311.0,175.09545442950497,0.5373568782459783,0.5350068147283005,0.7591198610306891,0.593481213218651,1.183645229269288
OAS2_0137_MR2_axl,1396.0,178.75230867899737,0.5490248007619224,0.5556434254772082,0.7649315068493151,0.5816666666666667,1.2027605249513318
OAS2_0138_MR1_axl,1777.0,313.5340546095176,0.2271579047909306,0.9249095800741902,0.5734107776702162,0.3810034305317324,2.6302835358051513
OAS2_0138_MR2_axl,2208.0,304.22034611053283,0.2998005469909073,0.9263898225418506,0.6131630102749236,0.3810181190681622,2.6555774984405267
OAS2_0139_MR1_axl,4321.0,424.9726547895302,0.3006575806944001,0.7696426238885546,0.5483502538071066,0.4258821210329194,1.5662322181066775
OAS2_0139_MR2_axl,4963.0,430.9015869776647,0.33589067884255513,0.7622183017712262,0.589080118694362,0.46614069690992765,1.5448308516231875
OAS2_0140_MR1_axl,4429.0,434.41630560342617,0.294919377449209,0.7270179868695106,0.571926652892562,0.4253337174685489,1.4564130225264056
OAS2_0140_MR2_axl,4840.0,440.0315292925759,0.31411424647343383,0.7361277491680264,0.6048487878030493,0.46218487394957986,1.4774483245720162
OAS2_0140_MR3_axl,5130.0,442.48737341529164,0.3292497579093276,0.7352370391986536,0.6081081081081081,0.4817806160781367,1.4753395362568797
OAS2_0141_MR1_axl,908.0,162.2670273047588,0.4333463594772762,0.5741965895678628,0.6696165191740413,0.5291375291375291,1.221422591957261
OAS2_0141_MR2_axl,913.0,157.19595949289334,0.4642991448223085,0.4753292409095636,0.716078431372549,0.5587515299877601,1.1366116273848774
OAS2_0142_MR1_axl,4634.0,418.3158005400378,0.3327801058362919,0.8217348553761255,0.6042508801669058,0.5166109253065775,1.754786150773798
OAS2_0142_MR2_axl,4743.0,418.9015869776647,0.33965575488114,0.8230406335634608,0.6112901147055033,0.5287625418060201,1.7606176377683953
OAS2_0143_MR1_axl,4167.0,504.9554108468271,0.20536541351752663,0.7811705693455276,0.49354494847802916,0.41545363908275174,1.6017486974764548
OAS2_0143_MR2_axl,4514.0,488.32799384885755,0.23787465757010665,0.7840556023139116,0.498894783377542,0.42045454545454547,1.6111086763104876
OAS2_0143_MR3_axl,5005.0,497.7483040656406,0.25386005388584315,0.767677163385708,0.5295735900962861,0.4498876404494382,1.5604597586345885
OAS2_0144_MR1_axl,4959.0,484.28636328851496,0.26570485618765866,0.702749419924833,0.5521042084168337,0.42883085437564855,1.4056049376633466
OAS2_0144_MR2_axl,5606.0,470.8366158202091,0.3177770275800175,0.6740661520258439,0.5925377867033084,0.4718855218855219,1.3537827010651138
OAS2_0145_MR1_axl,963.0,163.4386001800126,0.453029917464594,0.5963479777720854,0.6968162083936325,0.5338137472283814,1.2457550331467826
OAS2_0145_MR2_axl,1691.0,266.35028842544403,0.2995346915387242,0.8751029349558804,0.7147083685545224,0.5078078078078078,2.0663854096297594
OAS2_0146_MR1_axl,6548.0,481.1858582251266,0.3553798701823238,0.7866934059504271,0.6531019349690804,0.5433123133089943,1.6198426965143722
OAS2_0146_MR2_axl,6747.0,479.0437226013957,0.36946241706075406,0.7915378703765532,0.6471942446043165,0.5564077189510144,1.636339516611855
OAS2_0147_MR1_axl,1896.0,276.8772003600252,0.3107948452658567,0.8781245034715962,0.5596221959858324,0.37448153268812956,2.090160381543511
OAS2_0147_MR2_axl,2029.0,283.7056274847714,0.316778727758716,0.8681112668824551,0.5862467494943658,0.39597970335675253,2.0146276112810857
OAS2_0147_MR3_axl,3641.0,431.0731598529186,0.24622297648124705,0.7246628272124184,0.4959139199128303,0.3780107973421927,1.451160585818048
OAS2_0147_MR4_axl,4057.0,446.2152954766495,0.25605069891247045,0.7441974821010107,0.5320655737704918,0.4138106895144839,1.4970963960952002
OAS2_0149_MR1_axl,3998.0,496.70057685088807,0.20364011098765525,0.7995022764288575,0.5023875345564212,0.4067969067969068,1.6648268703344322
OAS2_0149_MR2_axl,4419.0,455.7300141024109,0.2673736481594047,0.7956963000925397,0.5353119321623259,0.43917710196779963,1.650993791954964
OAS2_0150_MR1_axl,5967.0,487.77164466275354,0.3151612407737437,0.7576764369389196,0.6063408190224571,0.45102040816326533,1.5322608722172246
OAS2_0150_MR2_axl,6234.0,492.73611075682084,0.32266204314480407,0.7479189908606269,0.608907989841766,0.45838235294117646,1.5065005173744126
OAS2_0152_MR1_axl,1599.0,259.76450198781714,0.2977821922636374,0.821403789562778,0.5624340485402743,0.333125,1.753318286319425
OAS2_0152_MR2_axl,1740.0,263.0071426749364,0.3160996581066782,0.8453435732343776,0.5946684894053315,0.3586889301175015,1.871877377767514
OAS2_0152_MR3_axl,1900.0,268.8355697996826,0.33036193793940105,0.8406019081370264,0.5963590709353421,0.36538461538461536,1.8461989810654578
OAS2_0154_MR1_axl,4104.0,439.8305191657993,0.26659162011139187,0.7806986414794502,0.5266264596432696,0.42414220752377013,1.6002363276682798
OAS2_0154_MR2_axl,3906.0,438.75945135393374,0.25497002907128163,0.7647689791239958,0.5338253382533825,0.4253048780487805,1.5520609519998658
OAS2_0156_MR2_axl,2063.0,206.65180361560903,0.6070587060342255,0.39915998242803535,0.8403258655804481,0.6702404158544509,1.0906537256952848
OAS2_0157_MR1_axl,3885.0,481.0142853498728,0.21100120637557584,0.7781475172056761,0.4564144736842105,0.35161553081726854,1.5921499204038891
OAS2_0157_MR2_axl,5896.0,522.6711395993652,0.2712128724146052,0.7959622995139113,0.5301681503461919,0.44016424038820456,1.6519472751244109
OAS2_0158_MR1_axl,1670.0,277.62236636408613,0.27228105945900744,0.8257368763487922,0.539405684754522,0.3691423519009726,1.7728751759013688
OAS2_0158_MR2_axl,2740.0,385.50461735799473,0.2316867825563453,0.9123373161020871,0.592560553633218,0.409260642270351,2.442363880621335
OAS2_0159_MR2_axl,1342.0,235.86500705120545,0.3031344901114644,0.8803942602283445,0.5688851208139042,0.36517006802721086,2.108625871785964
OAS2_0160_MR1_axl,5772.0,457.28636328851496,0.34686436532836046,0.7644448232602298,0.6069400630914826,0.4912340425531915,1.5511351253362853
OAS2_0160_MR2_axl,5793.0,451.2447327281723,0.35751074697087526,0.7663321620386186,0.6245822102425876,0.49699725463280714,1.5565545363848
OAS2_0161_MR1_axl,4882.0,484.15642097360376,0.26171959963028935,0.8013152991281154,0.5268155821733032,0.4113582743511965,1.6715636477155689
OAS2_0161_MR2_axl,4709.0,481.2274887854693,0.2555275317704215,0.8027739690627876,0.5257340627442224,0.40114149416475,1.6770547587672127
OAS2_0161_MR3_axl,5107.0,497.7127701597078,0.2590706138358445,0.8034996296192419,0.5219213081246806,0.3994837296620776,1.6798104730588543
OAS2_0162_MR1_axl,7431.0,511.1858582251266,0.35735467160965373,0.7721242822715888,0.6491090146750524,0.5472017673048601,1.5736345674139547
OAS2_0162_MR2_axl,7785.0,517.0853531617383,0.3658844971885768,0.7555339580134458,0.6623840721517911,0.5715019820877991,1.5264624032903105
OAS2_0164_MR1_axl,6228.0,536.1980515339463,0.2722124629027837,0.7818529474918537,0.5697036223929748,0.4716038164470695,1.6039447169497536
OAS2_0164_MR2_axl,6391.0,516.8843430349616,0.30060204259720735,0.7801792550044756,0.6076827992773605,0.4999217772215269,1.598577862356087
OAS2_0165_MR1_axl,3872.0,485.87214972614186,0.20611101441861915,0.7930191899240837,0.4981986618630983,0.3904012905827788,1.6415060586121624
OAS2_0165_MR2_axl,4373.0,477.4873734152917,0.24102692384277746,0.7979006882648059,0.5221492537313432,0.41289774336700974,1.6589554877701924
OAS2_0169_MR1_axl,4652.0,454.35743110038044,0.2831746023038234,0.8110245109602362,0.580629056415377,0.5301424501424501,1.7093661398173812
OAS2_0169_MR2_axl,4590.0,449.1147904132612,0.28596167633123354,0.8028065917977242,0.5771407016220295,0.5142857142857142,1.677178300073727
OAS2_0171_MR1_axl,3540.0,506.70057685088807,0.1732647948222865,0.7364059325694076,0.4551883759804552,0.365702479338843,1.4781093143209074
OAS2_0171_MR2_axl,3656.0,515.7422074112308,0.17272321039679775,0.751522488255254,0.45551956142536754,0.3654172913543228,1.5158233630133533
OAS2_0171_MR3_axl,4117.0,529.8549057834388,0.184279409358941,0.7449693683917321,0.48924539512774806,0.40331112852664575,1.4990286141392326
OAS2_0172_MR1_axl,8845.0,621.9848480983499,0.28730824609265043,0.8002957990038007,0.6547486860611444,0.5121301603844595,1.6677635028674564
OAS2_0174_MR1_axl,1074.0,201.27922061357856,0.3331319302019327,0.552420020379251,0.5564766839378238,0.4323671497584541,1.1996651875596207
OAS2_0174_MR2_axl,1149.0,203.52186130069782,0.3485842504022866,0.5603930830769925,0.5779678068410463,0.44328703703703703,1.207398781359844
OAS2_0174_MR3_axl,1189.0,202.10764773832474,0.3657852792544467,0.5358320282884167,0.5915422885572139,0.45871913580246915,1.184378608515429
OAS2_0175_MR1_axl,5451.0,537.4701294725885,0.23712501991705048,0.7592363360058831,0.565163297045101,0.4531925507149983,1.5365349203551881
OAS2_0175_MR2_axl,5638.0,542.0264786586926,0.24115370008692355,0.7561788537149373,0.5743098706325761,0.46024489795918366,1.528199115246276
OAS2_0175_MR3_axl,5460.0,546.8843430349616,0.2294095678425926,0.7684848739829897,0.5696400625978091,0.4513888888888889,1.5628224446417738
OAS2_0176_MR1_axl,4291.0,483.5290039756343,0.2306339933694637,0.7784254998303991,0.5421351863550221,0.4467464862051015,1.5930238299529316
OAS2_0176_MR2_axl,4950.0,452.21529547664954,0.30417573614394244,0.7651940985672951,0.5912565695174391,0.48629531388152075,1.5532782557011429
OAS2_0176_MR3_axl,5173.0,457.2152954766495,0.310964520564783,0.7567599955271219,0.6015116279069768,0.4830065359477124,1.5297705009007188
OAS2_0177_MR1_axl,1458.0,208.6223663640862,0.420964674779012,0.5017076966489887,0.682903981264637,0.5097902097902098,1.1560196256628719
OAS2_0177_MR2_axl,1603.0,221.17871555019022,0.41177191587935935,0.47882167240719486,0.6879828326180257,0.5204545454545455,1.1390660889981168
OAS2_0178_MR1_axl,4193.0,521.7422074112307,0.19356319579363143,0.8262565237956158,0.4822866344605475,0.41071603487119207,1.7752718088982051
OAS2_0178_MR2_axl,4308.0,531.120887067671,0.19191052639301112,0.8134412407273478,0.4828513786146604,0.42384887839433294,1.7192555443986615
OAS2_0178_MR3_axl,4488.0,546.0853531617383,0.18912182746349637,0.8181195383613696,0.4840901736597994,0.4174107142857143,1.7389846924042862
OAS2_0179_MR2_axl,4736.0,439.6295090390226,0.30792708191565643,0.7612835035064852,0.5706024096385542,0.47751562815083687,1.5422122565560725
OAS2_0181_MR1_axl,1603.0,194.06601717798213,0.5348652717861677,0.3719401416348016,0.78271484375,0.6049056603773585,1.0772881926122446
OAS2_0181_MR2_axl,1668.0,198.06601717798213,0.5343009828350351,0.3438771858930961,0.7838345864661654,0.6056644880174292,1.0649461305899073
OAS2_0181_MR3_axl,1736.0,199.58073580374355,0.5476742800431228,0.4014620568249093,0.7985280588776449,0.62,1.0918512722133524
OAS2_0182_MR1_axl,6903.0,461.7300141024109,0.40688485515551176,0.7524141056469955,0.6932114882506527,0.5766917293233083,1.5181639718963373
OAS2_0182_MR2_axl,7364.0,474.8010819142764,0.41048779051532847,0.7566022989466847,0.6949136548079645,0.585559796437659,1.5293434966784647
OAS2_0183_MR1_axl,5162.0,434.41630560342617,0.34372856771118004,0.7608686123284115,0.6226779252110977,0.49711093990755006,1.5410553299648475
OAS2_0183_MR2_axl,5266.0,430.2741699796952,0.3574375443636985,0.7748905625661714,0.6431362970200293,0.520612951062778,1.5820396308669338
OAS2_0183_MR3_axl,5547.0,444.6589462905455,0.3525445139622567,0.7607470888941807,0.6298399000794822,0.5209429000751314,1.540717073031413
OAS2_0183_MR4_axl,5857.0,458.2152954766495,0.3505467329395598,0.7682348947178436,0.6305307352782862,0.5350324289759751,1.56208980213351
OAS2_0184_MR1_axl,1456.0,188.16652224137044,0.5167571835890756,0.7369450662891223,0.7679324894514767,0.5392592592592592,1.479393589561407
OAS2_0184_MR2_axl,3796.0,527.6711395993652,0.17132052029109648,0.7698120105133208,0.5130423030139208,0.3636015325670498,1.5667333971354007
OAS2_0185_MR1_axl,6100.0,558.9137802864844,0.24538615976172548,0.7623046875761499,0.6096951524237881,0.5150287065180682,1.545073675593636
OAS2_0185_MR2_axl,6648.0,539.5706345359768,0.2869487012179246,0.7402261661878295,0.6337464251668256,0.5452755905511811,1.4873029893986418
OAS2_0185_MR3_axl,7848.0,552.8132752230962,0.322709634281758,0.7515802170369136,0.6690537084398976,0.568695652173913,1.5159744968786855
OAS2_0186_MR1_axl,1345.0,190.06601717798213,0.4678678464698217,0.5151996413246995,0.7188669160876536,0.5611180642469754,1.1667655680248512
OAS2_0186_MR2_axl,1425.0,188.99494936611666,0.501330736066692,0.43936431899380984,0.7511860832894043,0.59375,1.1132027396276707
OAS2_0186_MR3_axl,1503.0,199.3086578651014,0.4754627690601304,0.46119759414417466,0.7414898865318205,0.5680272108843537,1.127017767117489
